User,Occurrences,Subreddits
Mawnix,4,"Berserk, OnePiece"
Su_Impact,5,"BokuNoHeroAcademia, OnePiece"
Starob,3,"dbz, OnePiece"
icantplaynomore,12,"Berserk, OnePiece"
Soul699,3,"OnePunchMan, BokuNoHeroAcademia, OnePiece"
Force3vo,3,"ShingekiNoKyojin, OnePiece"
Over-Writer6076,11,"Naruto, OnePiece"
RubyHoshi,6,"BokuNoHeroAcademia, OnePiece"
RogueHippie,3,"OnePiece, bleach"
Due-Ad9310,3,"sololeveling, OnePiece"
DarkSoulFWT,2,"Naruto, OnePiece"
Imfryinghere,7,"JuJutsuKaisen, OnePiece"
pjjiveturkey,5,"JuJutsuKaisen, OnePiece"
Attila_D_Max,4,"Berserk, OnePiece"
FirstSineOfMadness,3,"sololeveling, OnePiece"
Brook420,18,"Naruto, HunterXHunter, sololeveling, OnePiece"
Left_Solution3509,6,"BlackClover, OnePiece"
Rafoudrsbois,6,"Berserk, BokuNoHeroAcademia, OnePiece"
somersault_dolphin,3,"OnePiece, ChainsawMan"
ch3333r,2,"OnePiece, ChainsawMan"
Andrejosue98,18,"Naruto, OnePiece"
alanalan426,3,"sololeveling, OnePiece"
D-Biggest_Wheel,220,"Berserk, OnePiece, bleach"
jbahill75,3,"Naruto, OnePunchMan"
Alchion,2,"Naruto, dbz"
ValentDs22,10,"Naruto, dbz"
Za_wardo,285,"Naruto, BokuNoHeroAcademia"
Ellek10,4,"Naruto, dbz"
Professor_Crab,8,"Naruto, dbz"
